words,links,capital_words,spam_word_count,is_spam
217,2,3,2,0
73,0,3,1,0
145,2,7,2,0
133,1,2,2,0
30,1,3,0,0
71,5,2,1,0
72,2,1,2,0
892,5,6,5,1
76,4,8,8,1
83,8,14,8,1
74,1,1,1,0
189,4,8,9,1
209,3,0,6,0
232,6,29,9,1
51,2,6,3,1
73,0,0,0,0
123,1,3,1,0
750,10,9,3,1
876,7,0,8,1
698,8,14,0,1
105,1,2,0,0
99,2,3,3,0
758,2,21,3,1
119,0,27,7,1
230,2,1,1,0
171,1,1,1,0
211,1,0,5,0
176,2,1,2,0
154,2,3,5,0
442,3,28,10,1
173,1,2,1,0
178,0,0,1,0
870,3,20,3,1
59,1,0,1,0
217,8,24,2,1
651,10,1,9,1
489,2,1,0,0
36,2,2,6,0
69,0,3,1,0
459,2,7,8,1
399,5,23,5,1
66,3,18,8,1
139,8,2,0,1
383,4,2,2,0
110,1,2,5,0
20,1,1,2,0
259,3,3,3,0
425,1,0,0,0
418,7,20,3,1
88,1,5,1,0
184,5,1,2,0
394,1,2,2,0
714,3,28,6,1
183,5,24,9,1
153,0,3,1,0
118,0,1,5,1
206,5,3,1,0
419,2,10,3,1
129,1,3,4,0
111,2,7,3,1
147,7,25,5,1
531,3,17,7,1
937,2,10,7,1
26,1,2,3,0
221,1,4,1,0
161,5,8,6,1
304,1,6,2,0
502,2,4,5,1
441,7,27,1,1
263,1,4,2,0
72,2,3,2,0
149,3,30,2,1
67,7,22,9,1
516,9,2,4,1
739,3,5,1,1
56,1,2,2,0
875,2,21,7,1
22,1,3,4,0
689,10,27,9,1
259,2,0,2,0
231,4,6,10,1
114,7,11,3,1
142,0,0,2,0
305,1,5,7,1
450,1,7,0,0
246,2,2,0,0
988,3,14,4,1
210,10,21,4,1
168,2,7,2,0
680,4,8,0,1
751,6,1,9,1
46,2,3,1,0
242,1,2,1,0
35,0,1,1,0
979,5,1,7,1
144,1,4,0,0
413,8,24,1,1
255,1,0,1,0
103,0,1,0,0
885,1,25,4,1
51,7,9,9,1
138,2,28,7,1
41,0,3,2,0
256,4,3,8,1
62,1,1,0,0
358,1,17,1,1
158,1,3,0,0
29,1,2,1,0
580,3,26,3,1
56,3,1,5,1
944,10,15,6,1
721,3,5,0,1
78,8,17,10,1
413,8,28,4,1
110,1,2,0,0
484,9,7,10,1
897,4,8,3,1
992,1,18,1,1
281,0,30,4,1
305,8,12,4,1
247,2,3,2,0
116,10,25,7,1
262,2,2,2,0
221,7,1,6,1
146,5,10,5,0
724,5,3,5,1
241,2,0,2,0
35,2,3,0,0
246,2,2,2,0
74,0,2,0,0
757,7,19,6,1
99,0,0,2,0
106,8,3,6,1
438,1,1,1,0
190,9,18,8,1
579,3,9,7,1
255,1,1,0,0
127,5,23,10,1
282,1,1,1,0
657,2,4,3,1
119,8,24,8,1
649,6,2,0,1
945,2,9,1,1
495,6,4,9,1
79,1,3,3,0
172,2,2,2,0
212,9,6,8,1
212,2,0,0,0
930,0,5,7,1
195,9,14,0,1
993,3,29,3,1
238,1,6,2,0
58,3,1,10,1
108,4,16,9,1
434,8,20,9,1
835,8,6,8,1
153,1,8,2,0
589,3,24,5,1
340,2,9,8,1
334,3,27,6,1
314,0,8,5,1
79,1,0,2,0
132,0,0,1,0
222,4,3,2,0
135,5,3,0,0
59,4,1,2,0
250,3,7,0,0
496,2,2,2,0
318,2,3,0,0
192,10,23,6,1
559,4,19,4,1
382,5,4,9,1
129,3,14,3,1
630,6,22,4,1
197,7,0,10,1
923,2,17,1,1
714,4,20,9,1
150,4,16,0,1
215,0,0,0,0
130,2,0,0,0
80,3,13,6,1
170,2,1,2,0
632,4,24,4,1
100,0,2,6,0
56,3,1,2,0
276,5,27,2,1
284,1,1,0,0
26,1,2,1,0
359,9,7,8,1
732,4,11,1,1
848,8,0,3,1
64,1,2,0,0
229,0,4,6,0
108,4,3,0,0
181,7,30,6,1
371,0,1,3,1
213,2,1,1,0
285,0,3,1,0
211,1,2,1,0
137,2,0,0,0
220,1,2,2,0
245,5,2,0,0
105,1,2,1,0
909,7,5,2,1
730,8,20,4,1
485,1,2,1,0
128,4,2,5,0
269,0,7,0,0
814,7,7,7,1
638,7,25,9,1
119,4,4,3,1
195,2,0,0,0
65,0,4,2,0
96,1,10,1,0
714,3,5,4,1
256,2,3,2,0
88,2,27,7,1
70,2,0,1,0
107,2,2,6,0
70,2,7,2,0
194,3,19,3,1
607,9,11,1,1
110,1,18,9,1
107,3,29,10,1
124,2,3,1,0
163,2,3,0,0
157,1,1,1,0
220,2,1,1,0
127,9,2,7,1
209,4,2,4,1
821,8,7,7,1
165,0,2,0,0
162,0,3,1,0
219,0,2,1,0
500,5,8,7,1
149,1,7,2,0
76,9,14,10,1
128,2,8,3,1
65,3,2,1,0
529,2,30,9,1
30,5,3,1,0
737,2,4,7,1
51,1,2,0,0
166,0,0,2,0
679,7,14,7,1
759,8,11,8,1
150,1,1,0,0
214,0,1,2,0
301,1,9,2,0
96,2,0,1,0
132,1,0,0,0
171,4,3,0,0
210,3,5,0,0
178,1,1,1,0
492,10,5,3,1
132,6,14,7,1
243,2,0,1,0
749,1,4,3,1
868,7,3,9,1
115,0,3,0,0
164,2,26,10,1
209,1,2,0,0
247,5,2,1,0
786,4,6,5,1
672,6,16,7,1
60,1,0,0,0
575,5,27,4,1
710,9,14,0,1
188,7,10,7,1
178,1,2,2,0
165,0,1,1,0
233,4,8,2,0
865,2,14,4,1
296,2,8,1,0
39,0,0,1,0
147,0,0,1,0
794,0,27,6,1
314,0,2,0,0
120,0,2,0,0
387,0,2,0,0
834,0,9,6,1
118,1,3,0,0
177,6,20,3,1
465,4,12,4,1
223,0,0,2,0
29,0,1,2,0
97,7,4,6,1
201,0,7,2,0
576,0,12,3,1
106,2,0,6,0
164,2,0,8,1
792,6,28,7,1
194,0,3,1,0
53,3,8,4,1
242,2,2,1,0
385,2,1,2,0
449,1,3,1,0
272,1,1,2,0
203,2,2,5,0
126,0,13,10,1
993,5,18,5,1
256,2,8,10,1
248,4,10,1,0
119,0,3,1,0
166,2,7,1,0
86,0,5,0,0
592,9,26,6,1
366,0,5,0,0
212,5,2,0,0
232,0,4,8,1
458,1,3,9,1
177,4,22,2,1
186,8,1,7,1
243,1,5,2,0
198,2,2,0,0
81,5,23,3,1
753,4,0,2,1
99,0,1,1,0
406,6,13,1,1
163,1,0,1,0
156,2,3,2,0
27,1,6,2,0
130,6,23,4,1
304,0,4,1,0
82,2,0,1,0
198,6,19,1,1
212,3,7,0,0
470,3,5,5,1
533,1,30,5,1
186,0,2,1,0
394,9,5,5,1
244,2,0,1,0
291,9,22,6,1
752,6,24,3,1
481,10,22,6,1
180,8,30,9,1
231,2,0,2,0
20,1,2,2,0
239,1,0,3,0
220,2,0,2,0
203,0,10,2,0
344,1,0,0,0
71,0,0,2,0
696,4,3,3,1
82,6,22,1,1
258,1,3,1,0
137,3,3,2,0
767,5,4,6,1
219,0,0,0,0
868,9,14,5,1
116,2,24,1,1
172,0,0,6,0
78,5,19,3,1
988,8,16,2,1
179,0,1,2,0
205,0,2,1,0
190,6,13,6,1
739,5,5,5,1
317,5,8,4,1
50,4,1,1,0
361,3,14,10,1
199,7,5,4,1
149,2,0,1,0
188,2,9,3,0
440,10,5,7,1
125,5,28,5,1
644,8,15,4,1
493,3,0,2,0
27,0,1,2,0
506,4,12,7,1
200,1,18,6,1
369,0,3,2,0
195,2,3,0,0
130,8,10,3,1
849,0,30,2,1
189,2,2,2,0
748,3,22,3,1
141,2,3,0,0
184,4,1,2,0
32,4,3,2,0
324,0,8,3,0
224,1,0,2,0
188,1,3,0,0
283,5,3,0,0
905,4,11,8,1
149,2,8,0,0
343,5,0,4,1
279,2,2,5,0
142,2,10,3,1
916,6,22,7,1
90,2,8,1,0
431,1,18,10,1
51,0,2,2,0
214,2,0,6,0
268,0,1,0,0
400,3,29,8,1
179,4,1,2,0
285,2,6,2,0
232,1,2,2,0
82,5,2,2,0
160,9,0,3,1
292,0,1,0,0
113,4,0,0,0
98,6,3,6,1
63,2,3,2,0
121,0,0,2,0
90,8,23,6,1
640,5,4,5,1
268,5,5,6,1
91,1,9,5,0
66,1,3,2,0
149,3,1,2,0
715,8,14,7,1
85,5,1,1,0
253,0,3,0,0
55,2,0,1,0
846,0,4,4,1
211,4,1,0,0
49,2,3,2,0
254,5,3,2,0
195,5,6,1,1
139,5,3,2,0
173,0,9,0,0
840,1,16,5,1
573,10,30,3,1
511,3,26,5,1
858,5,12,3,1
255,2,0,0,0
402,2,3,2,0
296,2,3,1,0
204,3,1,2,0
838,2,2,3,1
50,2,6,8,1
141,7,19,3,1
202,0,2,0,0
192,7,13,4,1
875,8,9,0,1
35,1,0,2,0
299,5,27,10,1
204,1,1,0,0
219,1,2,2,0
195,5,23,2,1
91,3,0,5,0
343,0,30,10,1
183,3,4,3,1
85,4,16,10,1
825,5,5,0,1
187,0,2,2,0
395,4,6,10,1
431,6,15,9,1
314,8,28,2,1
218,1,3,2,0
65,1,2,1,0
277,1,6,4,1
153,1,1,1,0
295,1,2,5,0
338,2,2,0,0
923,6,19,9,1
866,3,15,3,1
234,2,2,1,0
802,2,15,3,1
68,2,3,2,0
23,0,1,6,0
922,6,7,10,1
892,6,8,6,1
156,2,4,8,1
350,7,13,8,1
188,1,3,2,0
164,1,2,5,0
107,2,0,2,0
110,3,0,2,0
56,9,3,3,1
150,5,1,7,1
202,2,2,0,0
234,4,25,5,1
102,2,5,10,1
359,0,0,0,1
108,1,3,2,0
124,2,29,5,1
983,2,11,0,1
410,0,0,2,0
223,9,30,1,1
33,2,0,5,0
336,3,27,0,1
238,0,2,2,0
84,2,2,2,0
121,7,29,3,1
572,0,5,5,1
98,2,0,2,0
425,6,2,5,1
138,0,4,1,0
301,9,6,7,1
274,0,3,1,0
635,7,23,1,1
791,9,27,6,1
283,1,1,1,0
403,0,2,0,0
136,4,1,2,0
788,3,10,3,1
184,2,0,2,0
182,2,26,10,1
90,1,3,2,0
777,5,0,7,1
174,1,0,4,1
107,10,11,1,1
123,10,9,4,1
483,6,21,10,1
898,8,27,8,1
156,1,0,1,0
300,1,4,1,0
161,6,16,4,1
79,2,8,5,0
77,2,5,3,1
216,10,24,3,1
130,1,2,2,0
159,1,0,2,0
283,2,0,1,0
274,1,3,1,0
176,5,4,4,1
380,1,0,1,0
107,1,1,0,0
295,0,2,1,0
136,6,18,4,1
30,0,0,2,0
119,1,0,3,0
292,2,3,0,0
990,4,2,3,1
271,4,4,2,0
559,5,28,9,1
193,1,3,1,0
228,1,0,2,0
262,2,2,2,0
187,5,23,10,1
192,1,3,0,0
395,10,13,3,1
665,2,23,0,1
253,0,0,2,0
316,8,11,8,1
51,3,3,0,0
474,2,3,0,0
22,5,1,0,0
69,0,2,2,0
792,4,1,4,1
473,1,0,1,0
113,2,9,2,0
98,8,16,2,1
174,4,0,1,0
988,8,13,10,1
622,7,9,1,1
754,2,12,5,1
202,3,8,6,1
241,2,2,2,0
176,1,6,2,0
612,10,20,4,1
259,8,21,9,1
177,3,19,4,1
125,1,0,0,0
81,10,24,4,1
197,0,1,6,0
395,0,0,3,0
753,1,5,3,1
244,6,6,3,1
259,0,0,1,0
117,7,9,10,1
247,8,8,8,1
793,4,1,2,1
170,6,6,8,1
224,1,1,3,0
167,0,9,1,0
270,2,1,1,0
82,5,21,0,1
162,0,0,0,0
505,10,3,6,1
427,2,2,1,0
113,4,1,5,0
133,2,1,0,0
151,2,3,6,0
158,2,1,2,0
804,10,15,3,1
180,0,25,10,1
171,1,3,1,0
207,2,9,2,0
261,10,27,6,1
78,6,21,3,1
154,2,2,2,0
519,4,0,4,1
106,0,3,0,0
364,6,20,3,1
893,9,6,10,1
170,2,9,10,1
159,4,3,0,0
275,2,0,0,0
42,2,1,0,0
172,9,2,6,1
244,2,2,4,0
289,9,4,10,1
451,2,5,3,1
78,1,9,2,0
139,1,0,3,0
135,0,3,0,1
339,2,1,2,0
52,7,12,7,1
565,7,15,5,1
22,0,3,3,0
151,1,2,6,0
652,2,9,6,1
81,10,0,8,1
515,7,29,2,1
129,10,1,5,1
242,2,2,2,0
333,2,0,2,0
318,2,19,10,1
331,2,2,4,0
197,3,3,2,0
419,8,8,6,1
337,0,3,2,0
286,0,3,2,0
196,7,19,1,1
640,2,29,7,1
639,2,2,5,1
243,2,1,2,0
456,5,13,2,1
107,2,2,1,0
239,4,5,2,1
42,1,1,2,0
198,1,7,3,0
179,2,10,0,0
58,9,6,4,1
170,2,0,0,0
113,0,3,2,0
157,3,15,3,1
291,0,3,0,0
317,2,0,2,0
449,2,0,8,1
375,1,6,1,0
308,4,1,1,1
736,5,29,9,1
217,0,3,0,0
288,1,2,5,0
540,7,28,10,1
116,10,5,0,1
951,8,8,6,1
375,5,24,1,1
102,4,27,10,1
716,4,9,8,1
195,0,3,2,0
93,9,22,1,1
289,3,3,3,0
186,0,4,0,0
665,6,23,2,1
99,2,2,2,0
816,7,20,10,1
460,5,19,4,1
775,10,1,3,1
121,10,23,7,1
204,2,2,2,0
742,7,6,3,1
278,10,11,6,1
238,3,11,9,1
300,4,18,6,1
204,1,1,3,0
76,1,3,2,0
832,8,2,10,1
241,0,0,3,0
67,4,7,2,0
489,1,4,5,1
160,1,3,0,0
200,1,1,1,0
37,1,2,2,0
299,0,2,0,0
56,2,2,1,0
100,2,1,2,0
352,0,1,2,0
880,1,17,7,1
368,1,13,4,1
68,1,1,1,0
289,2,3,0,0
470,3,22,10,1
162,9,21,4,1
119,5,23,1,1
217,2,10,0,0
656,6,27,3,1
292,1,3,1,0
972,7,13,5,1
308,0,2,2,0
448,2,11,0,1
177,2,3,1,0
507,0,21,8,1
41,0,1,2,0
295,4,3,0,0
926,0,20,8,1
278,4,0,0,0
235,1,3,2,0
20,2,3,0,0
433,4,3,10,1
898,10,25,3,1
731,3,13,7,1
208,1,2,0,0
100,1,0,1,0
503,10,13,3,1
298,2,2,3,0
962,8,5,5,1
227,2,0,2,0
777,2,5,4,1
151,1,2,1,0
476,0,1,2,0
241,1,10,1,0
948,5,26,1,1
429,2,1,4,0
27,2,2,0,0
142,5,4,10,1
80,2,3,0,0
212,5,1,3,0
112,2,6,0,0
803,10,1,8,1
260,1,1,1,0
290,4,0,0,0
86,0,0,1,0
119,10,13,5,1
618,6,20,10,1
790,9,13,1,1
244,2,1,7,1
910,8,4,1,1
57,1,2,0,0
54,4,3,1,0
98,2,3,1,0
453,6,8,7,1
136,0,1,2,0
785,4,22,6,1
71,2,8,2,0
983,3,14,5,1
288,5,1,2,0
894,4,11,2,1
606,2,21,0,1
293,1,2,1,0
342,1,2,0,0
256,0,1,2,0
165,5,23,0,1
133,3,20,1,1
239,0,4,2,0
841,4,15,9,1
266,0,0,3,0
161,9,17,9,1
131,8,10,3,1
267,5,2,1,0
510,4,21,9,1
100,7,20,5,1
526,8,23,9,1
254,1,0,2,0
251,3,27,6,1
123,9,2,6,1
679,8,7,10,1
216,0,8,2,0
60,0,9,4,0
89,2,2,2,0
262,0,3,1,0
33,0,1,1,0
682,3,13,10,1
71,2,2,1,0
183,3,30,0,1
314,9,7,4,1
286,1,10,2,0
257,0,2,0,0
168,3,6,0,1
42,1,2,2,0
253,2,0,0,0
114,4,6,7,1
273,4,6,8,1
130,8,18,8,1
259,3,15,6,1
168,3,18,7,1
748,10,17,1,1
515,3,9,1,1
253,2,0,1,0
706,1,6,4,1
380,2,5,2,0
151,0,0,5,0
189,2,26,1,1
816,9,12,5,1
888,2,4,3,1
228,1,0,0,0
655,1,28,3,1
71,2,0,2,0
959,2,30,3,1
225,0,3,6,0
55,0,6,2,0
307,4,26,10,1
107,1,0,2,0
180,9,3,10,1
133,2,0,0,0
997,2,17,4,1
558,6,0,10,1
210,2,6,3,1
464,2,3,1,1
295,0,3,1,0
203,2,24,2,1
210,0,1,1,0
300,5,3,6,1
57,8,15,6,1
68,0,1,2,0
123,4,30,8,1
78,3,3,9,1
207,4,3,0,0
59,5,3,1,0
895,2,23,2,1
131,0,2,0,0
161,3,9,3,1
67,1,3,1,0
61,1,2,2,0
941,9,8,0,1
749,2,0,4,1
221,1,0,0,0
224,5,3,1,0
736,3,3,9,1
162,8,12,8,1
31,0,8,4,0
238,1,7,2,0
836,1,0,7,1
118,8,3,0,1
589,8,20,6,1
176,1,2,1,0
70,4,5,6,1
553,3,9,10,1
286,1,7,4,0
77,2,0,0,0
104,1,10,0,0
844,10,8,1,1
171,1,0,1,0
54,2,3,2,0
62,0,3,3,0
703,9,27,3,1
66,1,10,2,0
677,7,28,7,1
860,9,13,10,1
387,1,3,0,0
431,1,1,2,0
282,4,26,6,1
832,4,16,1,1
281,1,1,0,0
187,2,0,2,0
124,0,28,7,1
30,1,2,2,0
179,0,3,0,0
242,1,1,4,0
208,2,0,2,0
324,5,25,8,1
302,6,21,8,1
174,6,29,5,1
903,5,5,3,1
386,0,0,1,0
982,4,15,5,1
140,10,18,9,1
225,3,2,1,0
716,0,2,6,1
612,0,22,3,1
287,5,14,10,1
134,2,22,9,1
279,0,1,0,0
713,2,3,2,1
399,9,21,2,1
248,3,19,6,1
122,5,3,3,1
100,2,10,2,1
413,1,6,1,0
57,5,16,6,1
327,0,3,0,0
29,1,3,2,0
69,1,1,2,0
812,7,11,6,1
396,4,11,7,1
241,0,9,4,0
73,1,3,1,0
862,3,2,4,1
338,8,7,8,1
277,8,15,3,1
28,0,1,0,0
178,7,19,9,1
122,1,3,1,0
245,2,1,2,0
270,4,1,1,0
164,2,3,1,0
218,4,3,1,0
855,4,3,10,1
91,3,3,0,0
54,1,1,6,0
260,1,1,0,0
665,3,4,10,1
190,3,2,4,0
615,7,7,7,1
571,10,16,4,1
742,6,23,6,1
296,0,0,5,0
123,0,3,0,0
159,0,0,0,0
288,5,0,1,0
288,0,3,1,0
169,2,0,2,0
254,4,18,9,1
312,2,2,2,0
267,1,4,1,0
858,7,20,1,1
199,2,14,6,1
253,0,3,1,0
182,1,1,1,0
489,2,26,8,1
874,8,5,8,1
114,4,2,1,0
184,2,0,0,0
160,1,2,2,0
167,5,1,1,0
863,10,0,7,1
508,5,24,8,1
889,3,16,8,1
242,0,5,1,0
101,1,14,6,1
26,0,0,0,0
540,6,8,8,1
452,5,24,3,1
458,2,2,2,0
334,5,5,9,1
78,2,3,2,0
180,5,10,0,0
908,3,10,5,1
978,6,3,3,1
192,0,17,7,1
186,10,28,6,1
197,0,3,0,0
546,4,7,4,1
197,0,1,2,0
273,2,26,6,1
218,2,3,1,0
222,2,0,0,0
40,2,8,1,0
193,10,7,4,1
357,6,15,7,1
732,6,27,7,1
125,8,28,10,1
73,2,2,0,0
443,1,28,6,1
223,1,3,1,0
841,9,1,1,1
557,2,25,1,1
959,3,13,10,1
52,2,0,0,0
259,1,3,0,0
112,3,12,3,1
601,5,14,0,1
888,8,5,6,1
151,2,1,0,0
133,0,2,0,0
255,4,1,4,0
961,2,23,6,1
82,0,24,6,1
101,4,0,5,1
89,4,2,2,0
222,2,0,2,0
195,4,3,8,1
139,3,21,4,1
29,4,2,0,0
975,5,27,5,1
294,2,3,3,0
179,5,7,8,1
243,4,14,3,1
224,5,7,0,0
50,10,4,6,1
226,2,2,0,0
277,1,1,0,0
184,9,28,7,1
29,1,3,2,0
274,0,19,6,1
869,2,18,1,1
124,0,4,3,0
952,8,27,5,1
314,2,8,0,0
360,2,1,5,0
79,4,20,3,1
925,6,5,10,1
858,8,8,4,1
679,3,16,5,1
41,2,0,2,0
76,2,2,2,0
96,2,0,0,0
226,2,0,1,0
412,1,2,2,0
955,5,11,5,1
280,2,2,2,0
374,4,10,9,1
333,7,14,7,1
332,10,13,1,1
128,0,0,0,0
859,1,28,5,1
274,4,3,4,0
878,7,25,3,1
382,1,14,0,1
914,10,5,10,1
288,1,2,4,0
22,2,0,2,0
642,5,6,6,1
290,1,7,1,0
203,7,28,3,1
161,0,1,2,0
178,2,1,2,0
126,3,21,9,1
58,4,3,2,0
103,4,0,2,0
558,0,10,5,1
646,4,25,9,1
699,2,24,5,1
682,4,16,3,1
297,2,1,2,0
50,2,23,7,1
805,3,30,0,1
593,5,3,10,1
28,4,0,0,0
56,2,0,0,0
937,3,20,4,1
260,3,2,1,0
208,2,8,1,0
45,0,2,2,0
280,1,0,1,0
371,0,4,6,1
87,0,3,2,0
271,2,2,0,0
288,7,18,3,1
107,6,24,0,1
183,2,0,5,0
504,2,29,7,1
100,3,11,8,1
633,2,19,8,1
206,3,1,1,0
649,1,19,10,1
183,5,23,0,1
92,4,5,2,0
291,3,0,6,0
254,0,3,1,0
440,1,3,2,0
176,1,8,1,0
328,1,2,1,0
633,8,5,10,1
158,6,20,10,1
459,7,27,3,1
69,4,1,3,0
614,9,19,7,1
972,8,1,8,1
345,2,1,1,0
655,7,10,1,1
133,0,1,0,0
889,2,24,10,1
110,0,3,1,0
349,8,7,2,1
953,8,14,3,1
46,2,0,0,0
188,0,1,0,0
168,0,7,10,1
250,1,3,2,0
793,3,20,3,1
174,1,2,2,0
163,0,0,2,0
372,8,6,9,1
890,10,28,8,1
294,2,3,5,0
79,0,2,0,0
72,9,25,3,1
55,3,2,10,1
387,3,19,3,1
802,10,30,8,1
243,1,3,0,0
174,0,3,6,0
959,3,28,4,1
258,2,2,4,0
34,1,2,0,0
304,3,25,8,1
228,1,1,5,0
231,1,3,4,0
302,7,15,0,1
294,2,3,0,0
323,9,20,7,1
482,2,1,2,0
258,0,2,2,0
185,1,2,2,0
186,0,2,1,0
472,9,20,1,1
666,3,20,4,1
352,4,15,4,1
192,3,9,9,1
170,10,2,6,1
325,6,3,8,1
158,3,0,1,0
565,7,20,1,1
202,1,1,1,0
94,1,3,0,0
218,6,18,9,1
200,0,1,1,0
52,2,3,0,0
457,2,1,2,0
777,3,28,3,1
23,1,2,0,0
216,0,6,6,0
53,0,0,1,0
53,1,3,2,0
118,9,10,5,1
62,0,3,2,0
738,4,28,7,1
602,10,30,5,1
162,5,23,8,1
741,2,21,8,1
611,4,21,5,1
39,1,2,0,0
865,2,27,7,1
26,1,3,0,0
83,10,5,4,1
786,8,9,0,1
151,9,23,6,1
782,6,6,8,1
257,2,2,2,0
184,2,3,2,0
21,2,3,0,0
142,0,2,0,0
93,4,0,6,0
237,0,3,2,0
173,2,1,5,0
422,2,1,0,0
809,3,5,10,1
261,2,0,2,0
350,7,22,7,1
276,1,7,2,0
868,7,5,7,1
154,5,0,2,0
264,0,0,2,0
971,10,19,4,1
676,4,9,4,1
162,7,30,10,1
273,2,10,2,0
249,7,6,3,1
610,8,18,3,1
80,0,2,6,0
137,7,3,1,1
658,6,27,10,1
534,3,6,0,1
151,1,3,6,0
269,1,3,3,0
297,2,13,7,1
266,0,0,0,0
368,2,26,9,1
291,1,2,4,0
290,0,1,1,0
148,0,1,6,0
220,2,2,1,0
111,1,3,1,0
784,2,5,10,1
153,5,13,3,1
251,1,1,0,0
924,8,15,10,1
285,1,2,1,0
143,2,1,1,0
959,9,28,10,1
177,1,1,2,0
554,0,28,10,1
20,2,2,0,0
723,8,30,6,1
466,0,28,9,1
344,0,3,1,0
840,7,24,5,1
622,5,1,7,1
694,3,23,5,1
210,3,2,2,0
252,2,26,6,1
39,2,1,0,0
372,1,2,2,0
188,1,0,2,0
383,1,1,0,0
164,7,10,6,1
119,0,3,1,0
488,2,0,1,0
89,4,26,4,1
247,0,2,5,0
474,8,23,6,1
204,1,2,0,0
215,1,1,0,0
76,4,0,2,0
357,1,3,1,0
169,0,4,1,0
997,6,6,7,1
112,1,0,6,0
176,0,3,0,0
184,2,10,2,0
114,8,4,2,1
159,2,9,2,0
484,2,1,3,0
610,1,8,7,1
202,1,3,0,0
180,1,4,1,0
475,4,15,8,1
684,0,19,2,1
140,1,2,2,0
176,0,7,6,0
241,2,19,3,1
150,2,3,1,0
52,2,2,2,0
330,1,3,3,1
38,1,3,2,0
80,4,19,6,1
335,4,21,9,1
569,10,30,8,1
94,1,2,0,0
109,2,10,0,1
381,3,24,3,1
295,3,1,2,0
147,4,2,4,1
465,6,12,6,1
612,8,28,9,1
290,1,0,0,0
162,2,1,1,0
295,2,1,3,0
169,0,2,3,0
222,2,0,5,0
165,2,3,0,0
529,3,0,8,1
699,7,7,6,1
223,1,0,5,0
528,9,16,9,1
38,1,3,2,0
118,1,7,0,0
131,1,2,4,0
185,1,1,3,0
394,3,22,0,1
195,1,0,0,0
203,2,2,0,0
966,10,20,10,1
260,2,2,0,0
196,0,9,6,1
165,3,4,0,0
70,7,1,8,1
84,2,0,3,1
888,7,9,8,1
161,1,3,1,0
910,9,9,5,1
217,8,0,10,1
156,3,9,5,1
80,2,3,0,0
57,3,24,6,1
569,3,1,8,1
130,1,3,2,0
105,7,21,3,1
198,5,27,0,1
62,2,10,1,0
233,0,0,1,0
453,1,7,0,1
131,7,20,10,1
154,7,21,8,1
475,0,0,2,0
220,3,13,3,1
984,4,17,9,1
744,6,2,3,1
278,2,0,0,0
282,1,0,0,0
44,0,0,2,0
706,7,27,7,1
49,0,0,0,0
195,2,5,0,1
259,2,7,7,1
106,7,11,1,1
296,10,0,10,1
464,7,9,9,1
155,2,1,1,0
219,1,8,1,1
121,0,27,4,1
841,2,28,8,1
197,2,10,4,1
165,0,20,4,1
127,9,17,8,1
487,0,2,1,0
745,2,10,8,1
176,0,11,1,1
103,2,25,7,1
718,7,26,3,1
80,0,30,2,1
341,6,28,6,1
721,5,19,1,1
170,0,3,1,0
853,10,18,3,1
120,2,25,9,1
292,7,3,10,1
168,2,1,2,0
126,0,1,2,0
842,2,16,4,1
678,3,22,3,1
285,1,2,1,0
153,3,30,3,1
596,2,6,2,1
107,0,2,0,0
85,6,4,3,1
38,2,0,6,0
177,2,1,1,0
265,2,6,6,0
21,0,6,1,0
860,5,16,6,1
158,10,26,4,1
200,0,6,10,1
190,9,22,8,1
497,3,5,7,1
117,2,24,5,1
147,1,3,0,0
123,2,2,0,0
195,9,0,8,1
59,1,3,2,0
871,8,6,6,1
229,0,4,1,0
938,5,30,7,1
124,1,1,2,0
36,3,0,2,0
351,2,23,0,1
781,8,22,2,1
849,7,0,4,1
938,2,6,9,1
136,0,1,2,0
20,3,2,1,0
341,4,27,3,1
120,3,20,4,1
164,3,0,2,0
197,6,14,4,1
113,0,2,4,0
194,2,3,3,0
946,7,16,10,1
631,6,22,0,1
825,3,22,10,1
175,1,1,0,0
205,0,0,1,0
226,0,2,2,0
66,2,0,6,0
22,2,2,2,0
442,0,23,5,1
176,0,2,0,0
343,4,13,7,1
376,0,7,5,1
181,2,3,1,0
710,8,12,9,1
254,0,1,2,0
223,0,6,0,0
278,7,18,10,1
46,0,7,0,0
475,7,15,10,1
34,2,6,2,0
176,1,1,2,0
62,2,3,0,0
111,0,3,3,0
243,1,1,0,0
374,3,17,3,1
21,0,2,1,0
967,3,28,3,1
195,10,25,3,1
454,0,0,0,0
452,4,20,5,1
228,1,2,2,0
796,3,25,2,1
34,1,1,1,0
70,2,5,2,0
938,9,6,3,1
138,5,8,7,1
61,2,2,3,0
35,2,6,4,0
714,2,16,9,1
665,8,6,5,1
237,3,0,6,0
82,1,3,2,0
244,1,0,0,0
743,6,7,0,1
795,4,9,6,1
389,1,27,2,1
201,2,16,8,1
121,10,19,0,1
134,9,11,1,1
638,2,25,1,1
314,6,26,10,1
351,10,7,4,1
144,8,27,10,1
134,4,15,7,1
210,0,10,0,0
46,1,2,0,0
456,3,11,10,1
754,9,24,4,1
78,6,17,6,1
357,9,16,1,1
363,8,9,9,1
150,0,10,0,0
893,2,12,9,1
218,1,7,3,0
961,7,1,4,1
560,5,17,3,1
239,2,7,2,0
140,0,2,1,0
213,2,9,1,0
111,2,0,3,0
35,2,2,5,0
219,2,9,2,0
195,3,17,6,1
329,1,2,1,0
167,0,0,1,0
213,0,1,5,1
468,0,0,0,0
273,2,2,5,0
444,7,15,7,1
515,3,2,3,1
933,3,29,4,1
281,1,3,0,0
180,10,23,6,1
906,2,2,2,1
104,2,3,0,0
218,2,0,4,0
791,2,30,1,1
247,10,2,6,1
121,2,10,3,1
97,2,1,1,0
532,9,15,10,1
321,9,11,6,1
128,5,4,3,1
255,10,7,10,1
764,3,13,3,1
792,2,18,3,1
429,1,3,4,0
164,10,16,8,1
696,6,7,4,1
293,2,6,0,0
297,1,8,2,0
172,2,0,4,1
503,5,20,6,1
872,7,11,7,1
118,4,6,10,1
269,2,0,5,0
151,0,4,2,0
381,4,6,2,0
185,0,3,0,0
367,2,2,1,0
315,3,21,3,1
207,0,3,1,0
87,2,2,1,0
923,2,26,10,1
269,0,3,2,0
274,1,1,0,0
86,5,27,8,1
288,3,6,1,0
112,2,5,0,0
799,2,5,8,1
376,4,30,10,1
811,8,27,10,1
85,2,0,2,0
238,2,2,1,0
349,3,6,10,1
176,1,0,0,0
194,8,5,8,1
217,7,23,7,1
237,1,1,1,0
294,1,0,1,0
83,10,23,10,1
93,1,0,2,0
44,2,2,0,0
830,9,23,10,1
178,0,9,3,0
118,9,13,10,1
536,9,5,10,1
872,5,0,10,1
237,6,0,5,1
58,2,1,0,0
125,1,27,4,1
567,3,1,9,1
82,2,3,2,0
829,1,6,6,1
181,2,2,0,0
158,2,4,1,0
227,2,4,1,0
47,1,8,1,0
32,0,2,1,0
211,1,9,0,0
156,2,1,0,0
133,1,5,0,0
737,2,22,1,1
577,3,19,5,1
195,2,1,1,0
232,10,26,3,1
58,2,2,6,0
210,3,5,9,1
451,1,2,1,0
881,2,15,6,1
87,3,0,2,0
202,2,3,0,0
333,10,13,6,1
425,3,13,5,1
179,5,9,9,1
271,4,1,0,0
200,0,0,2,0
441,0,3,2,0
83,0,3,2,0
999,3,2,9,1
167,2,12,7,1
238,1,2,1,0
108,6,9,2,1
199,2,8,2,0
416,3,5,8,1
170,2,16,5,1
130,2,11,3,1
508,10,25,5,1
322,9,22,9,1
35,5,3,1,0
234,1,0,2,0
211,1,0,2,0
436,10,10,1,1
270,2,3,1,0
154,4,28,7,1
169,1,2,6,0
21,0,0,5,0
384,2,1,0,0
178,2,0,2,0
429,4,21,9,1
694,5,11,1,1
65,2,8,0,0
92,0,3,0,0
905,4,5,8,1
196,1,0,6,0
204,2,1,2,0
120,7,5,2,1
263,0,3,2,0
414,8,11,10,1
935,4,10,8,1
779,3,23,8,1
125,1,0,2,0
161,6,22,3,1
493,2,5,1,0
393,10,5,4,1
439,5,7,7,1
168,4,13,2,1
83,1,2,1,0
204,1,0,6,0
490,0,1,6,0
833,1,19,7,1
182,4,7,8,1
848,2,1,4,1
266,1,1,0,0
446,0,4,2,0
333,3,5,4,1
240,1,1,1,0
232,2,4,2,0
693,9,26,2,1
263,2,1,1,0
99,0,1,1,0
364,0,1,0,0
62,1,1,2,0
189,4,2,0,0
35,0,2,1,0
239,2,0,0,0
44,0,0,6,0
757,9,12,7,1
160,3,2,9,1
286,3,23,3,1
283,2,0,3,0
981,3,13,7,1
115,2,6,0,1
178,3,20,3,1
155,2,1,3,0
747,8,18,5,1
62,7,21,7,1
174,2,1,1,0
89,10,28,4,1
638,10,20,2,1
205,1,0,5,0
443,0,3,1,0
569,7,10,5,1
517,6,19,4,1
36,0,3,2,0
186,2,2,2,0
869,5,5,3,1
262,2,0,0,0
855,2,15,3,1
267,3,1,6,0
152,2,1,2,0
347,9,8,0,1
83,5,1,2,0
244,0,1,1,0
257,2,0,1,0
125,4,6,10,1
235,0,1,3,0
139,1,0,1,0
168,5,5,3,1
127,2,10,1,0
532,4,26,3,1
88,0,1,1,0
242,1,1,3,0
196,0,3,4,0
207,0,2,0,0
318,3,2,7,1
256,3,23,4,1
440,3,25,0,1
797,9,9,6,1
327,7,0,9,1
197,5,0,5,0
190,3,3,2,0
61,4,17,3,1
130,2,1,6,0
84,4,2,2,0
217,2,1,2,0
673,1,19,3,1
157,1,2,0,0
205,1,1,1,0
158,2,8,3,1
528,7,5,8,1
531,4,10,1,1
240,0,3,5,0
25,1,2,1,0
225,4,10,2,0
445,1,2,1,0
195,7,17,5,1
147,5,0,2,0
218,1,3,3,0
130,1,2,5,0
100,1,1,1,0
734,3,22,8,1
636,7,21,7,1
292,1,3,0,0
153,4,1,1,0
988,6,0,3,1
245,4,16,0,1
92,1,2,0,0
198,2,0,0,0
602,8,28,6,1
255,2,1,2,0
463,1,3,1,0
187,2,3,0,0
595,0,27,6,1
207,6,2,5,1
146,0,3,0,0
166,4,1,2,0
760,2,24,3,1
869,5,24,3,1
163,2,0,0,0
269,0,1,0,0
114,10,28,9,1
565,10,14,10,1
92,0,3,1,0
273,2,0,3,0
183,2,2,5,0
202,2,0,0,0
164,1,3,1,0
256,2,3,1,0
812,9,13,7,1
298,0,2,0,0
455,2,3,1,0
553,1,6,3,1
162,4,2,5,0
242,0,0,2,0
82,7,28,9,1
91,5,4,4,1
753,8,11,8,1
273,2,3,2,0
224,1,6,2,0
25,0,2,0,0
185,2,1,1,0
579,9,17,7,1
132,3,5,10,1
510,2,30,7,1
468,1,4,1,0
230,0,2,5,0
78,8,17,2,1
61,0,10,3,0
568,4,17,10,1
80,9,8,8,1
101,2,3,1,0
121,1,3,6,0
35,5,1,1,0
211,10,8,5,1
260,0,0,0,0
499,4,0,1,1
219,1,8,0,0
498,7,10,5,1
94,1,2,0,0
109,1,3,0,0
720,5,9,3,1
174,7,12,10,1
447,2,0,0,0
178,2,1,2,0
487,2,0,0,0
560,9,11,0,1
228,2,8,0,0
182,1,0,0,0
103,4,3,7,1
120,2,21,3,1
92,1,1,1,0
994,2,10,6,1
74,0,2,0,0
660,6,4,7,1
171,3,15,6,1
147,0,3,2,0
53,2,16,6,1
246,0,1,2,0
206,1,1,2,0
388,5,17,5,1
240,8,0,9,1
740,8,14,6,1
145,3,26,3,1
888,2,10,0,1
973,5,21,8,1
614,0,0,3,1
172,0,0,3,0
59,0,1,2,0
706,0,17,6,1
240,5,19,9,1
397,1,1,2,0
568,8,20,0,1
250,2,8,1,0
548,5,2,10,1
65,7,15,6,1
260,1,0,2,0
167,5,3,4,0
460,2,9,8,1
333,10,0,0,1
197,0,2,0,0
341,2,19,8,1
106,8,17,3,1
340,0,2,2,0
194,0,3,5,0
89,4,29,3,1
250,2,0,1,0
140,10,21,9,1
85,0,3,1,0
187,1,0,2,0
908,5,4,8,1
89,1,2,1,0
270,2,2,4,0
173,5,1,2,0
75,3,0,1,0
93,0,3,2,0
694,2,16,7,1
205,7,13,7,1
195,0,7,1,0
425,1,2,0,0
297,5,2,0,0
189,2,3,2,0
75,0,2,1,0
191,1,1,2,0
140,5,5,8,1
26,3,2,5,0
672,10,7,10,1
202,1,1,2,0
54,2,1,1,0
209,2,0,1,0
882,7,21,3,1
638,6,21,1,1
245,0,2,3,0
56,1,4,0,0
130,0,4,2,0
228,2,8,6,0
121,0,17,4,1
326,1,0,1,0
788,3,0,8,1
839,1,27,10,1
49,0,3,2,0
268,0,0,0,0
124,4,1,5,1
109,1,2,2,0
349,7,4,1,1
880,5,22,5,1
90,4,27,10,1
61,3,0,6,1
38,1,2,1,0
270,2,3,0,0
824,2,20,4,1
316,2,13,8,1
878,5,4,5,1
477,2,29,3,1
156,8,24,2,1
701,4,7,7,1
68,2,2,0,0
730,3,17,10,1
149,2,0,0,0
688,9,28,9,1
768,7,19,3,1
905,5,5,7,1
239,1,1,2,0
290,0,1,0,0
242,0,1,1,0
770,0,15,7,1
206,1,0,1,0
100,3,21,1,1
933,8,0,3,1
638,9,1,6,1
125,0,0,0,0
279,6,10,7,1
187,4,10,3,0
812,10,6,3,1
158,3,10,5,1
276,4,3,1,0
691,7,26,10,1
445,0,3,2,0
277,1,5,2,0
574,10,21,7,1
299,1,2,2,0
53,0,1,1,0
194,2,0,5,0
156,1,0,2,0
846,2,23,1,1
145,1,3,2,0
51,2,4,2,0
422,5,1,0,0
291,2,2,4,0
283,3,3,0,0
260,0,3,5,0
62,1,5,1,0
816,2,1,2,1
647,5,17,10,1
912,2,3,5,1
101,0,1,6,0
290,1,3,6,0
174,0,24,4,1
301,10,30,3,1
93,0,0,4,0
129,9,5,3,1
218,1,2,2,0
364,10,11,1,1
659,2,27,3,1
878,2,4,7,1
191,0,3,2,0
45,2,3,4,0
186,6,7,7,1
123,7,3,3,1
252,0,2,4,0
155,5,9,2,0
545,5,23,10,1
65,7,28,10,1
248,10,3,3,1
196,1,2,6,0
895,5,21,4,1
125,8,28,4,1
996,4,19,3,1
158,0,11,6,1
43,0,5,1,0
58,1,0,1,0
255,1,2,0,0
423,10,5,6,1
727,8,11,8,1
560,3,22,9,1
784,4,12,10,1
724,6,0,10,1
882,9,23,2,1
463,8,7,8,1
279,9,14,3,1
375,3,3,3,1
95,6,8,7,1
610,4,25,3,1
376,2,26,7,1
167,3,29,3,1
142,1,21,0,1
247,2,0,0,0
686,5,23,9,1
366,2,3,0,0
277,2,1,2,0
193,2,3,1,0
203,0,2,6,0
229,3,24,6,1
371,2,9,5,1
74,3,12,4,1
223,2,0,0,0
42,2,3,2,0
324,8,19,10,1
275,9,3,5,1
253,1,0,2,0
207,2,2,2,0
405,1,1,2,0
469,0,10,3,1
139,5,0,1,0
379,0,3,2,0
481,7,6,4,1
303,4,0,1,0
369,2,4,6,0
200,3,2,0,0
64,0,2,0,0
69,3,29,3,1
799,7,28,5,1
190,4,5,3,1
710,0,26,4,1
733,7,9,9,1
183,2,0,1,0
54,0,3,1,0
277,9,24,8,1
994,8,16,0,1
165,0,3,1,0
493,4,30,2,1
843,5,8,5,1
277,2,0,5,0
240,4,0,1,1
169,0,0,2,0
337,3,9,7,1
206,1,1,2,0
157,8,0,10,1
247,0,0,0,0
827,0,26,2,1
175,1,3,1,0
81,10,22,8,1
29,2,3,5,0
333,2,2,4,0
995,10,7,9,1
975,8,20,5,1
257,3,1,1,0
169,0,8,6,0
39,0,3,1,0
341,3,11,8,1
254,0,0,1,0
181,8,6,6,1
35,0,1,0,0
533,4,5,5,1
257,1,8,0,0
211,1,2,2,0
241,2,3,1,0
409,5,16,2,1
92,1,7,0,0
245,0,0,0,0
639,3,17,3,1
245,5,28,7,1
128,1,24,1,1
281,2,11,6,1
167,5,3,1,0
40,4,3,0,0
370,0,2,2,0
355,1,4,6,0
630,5,5,4,1
470,1,18,9,1
862,3,5,5,1
134,0,2,5,0
125,6,24,5,1
60,1,0,0,0
148,2,7,1,0
258,2,1,4,1
328,2,23,3,1
388,7,24,2,1
194,1,3,1,0
205,1,5,6,0
475,5,8,3,1
330,10,10,5,1
633,6,20,6,1
306,5,8,0,0
194,10,27,5,1
944,7,0,4,1
345,2,8,6,1
277,1,10,0,0
226,1,6,2,0
249,0,3,3,0
243,0,3,2,0
123,3,2,2,0
277,2,1,1,0
909,4,25,4,1
174,5,6,2,0
136,1,3,5,0
182,2,0,5,0
596,1,3,5,1
593,4,20,3,1
93,1,5,2,0
239,2,2,2,0
668,8,5,3,1
132,0,26,5,1
243,10,23,7,1
965,3,14,8,1
400,0,0,1,0
152,2,1,6,0
124,1,9,0,0
927,1,21,5,1
186,2,5,6,1
847,4,19,7,1
353,2,7,5,1
91,0,3,0,0
819,9,15,4,1
317,0,5,0,0
284,1,3,2,0
127,2,30,4,1
33,2,1,1,0
647,3,22,8,1
25,2,3,1,0
484,0,28,4,1
217,2,3,2,0
623,4,25,3,1
189,5,5,7,1
900,2,2,1,1
178,2,5,3,1
166,2,1,2,0
769,10,3,5,1
80,3,1,6,0
208,0,3,4,0
47,1,1,0,0
902,7,9,1,1
100,3,27,10,1
146,0,1,2,0
103,3,23,4,1
115,8,15,9,1
210,2,1,0,0
228,1,0,0,0
174,10,18,7,1
101,0,9,2,0
221,0,6,1,0
83,1,1,0,0
181,2,0,2,0
713,5,5,8,1
306,0,26,10,1
438,3,1,3,1
46,1,5,1,0
244,2,0,0,0
32,1,2,0,0
122,0,8,1,1
426,10,29,2,1
623,3,15,10,1
206,0,0,0,0
928,6,10,9,1
50,0,1,0,0
161,4,22,3,1
543,10,9,8,1
474,9,19,7,1
784,9,6,3,1
213,0,0,4,0
189,10,26,4,1
573,5,27,4,1
760,10,9,7,1
778,3,10,3,1
255,2,1,1,0
215,1,1,0,0
863,2,22,10,1
1000,3,23,3,1
282,0,1,4,0
241,4,5,6,1
39,2,3,2,0
240,0,0,2,0
147,2,21,5,1
452,3,2,0,1
48,5,9,1,0
51,2,1,0,0
807,7,22,4,1
958,2,2,4,1
544,1,15,5,1
997,4,30,3,1
957,1,9,2,1
987,1,2,1,1
149,1,0,1,0
248,2,1,2,0
168,4,6,0,1
45,0,0,5,0
149,1,8,10,1
490,1,2,6,0
85,9,0,7,1
180,7,21,4,1
182,2,0,2,0
132,0,10,0,0
188,1,7,0,0
422,7,2,7,1
295,0,1,0,0
355,5,13,4,1
239,1,0,2,0
185,3,3,3,0
405,0,5,2,1
451,1,29,10,1
447,1,8,2,0
153,4,3,2,0
652,3,26,1,1
234,1,0,5,0
281,1,2,1,0
273,2,0,0,0
555,2,17,3,1
755,9,6,6,1
717,1,2,2,1
23,0,3,2,0
153,2,0,4,0
106,10,11,10,1
615,9,7,6,1
299,9,2,3,1
81,0,9,1,0
131,10,16,7,1
149,2,0,0,0
513,4,4,1,1
977,7,8,4,1
200,1,5,1,0
467,8,1,8,1
166,0,22,7,1
169,8,25,9,1
101,9,16,3,1
756,3,28,9,1
256,1,3,1,0
111,0,1,6,0
937,4,8,4,1
615,9,12,4,1
259,7,0,5,1
177,0,1,1,0
137,2,0,6,1
100,2,2,1,0
240,1,2,1,0
313,10,28,10,1
149,6,25,5,1
292,1,0,1,0
414,4,13,10,1
73,5,0,3,1
157,0,23,8,1
64,9,10,6,1
125,2,6,0,0
268,0,2,2,0
152,5,23,6,1
657,5,28,3,1
209,0,2,1,0
21,0,1,1,0
865,10,5,6,1
109,1,1,0,0
80,2,0,2,0
36,2,1,0,0
121,5,3,0,0
100,2,0,2,0
147,0,2,0,0
78,5,3,2,0
242,1,1,2,0
383,10,10,1,1
38,1,6,1,0
435,0,1,2,0
318,9,12,0,1
68,1,1,2,0
440,4,4,2,0
596,7,5,8,1
897,7,4,10,1
302,2,1,0,0
806,7,19,3,1
308,3,19,3,1
266,3,15,6,1
259,10,20,7,1
229,2,3,0,0
104,1,3,1,0
292,0,0,5,0
577,4,27,9,1
889,3,20,7,1
37,0,1,2,0
545,7,19,3,1
184,0,18,5,1
211,1,0,0,0
137,10,2,2,1
409,2,15,3,1
99,10,8,7,1
766,10,11,10,1
138,9,5,9,1
249,5,2,2,0
289,0,2,3,0
538,2,16,0,1
167,0,2,1,0
196,0,1,2,0
166,1,2,0,0
292,2,0,5,0
37,1,9,1,0
113,0,6,6,0
245,0,1,2,0
144,6,8,4,1
155,1,1,6,0
239,1,8,1,0
62,1,18,2,1
776,3,30,3,1
116,2,3,1,0
186,1,4,2,0
714,9,30,7,1
995,2,16,7,1
83,1,0,0,0
48,0,1,5,0
108,10,20,5,1
138,0,10,9,1
89,1,3,2,0
208,4,1,2,0
891,3,10,7,1
530,10,11,9,1
135,2,2,1,0
138,0,3,0,0
88,4,0,1,0
275,1,0,0,0
411,2,3,2,0
129,0,3,6,0
275,1,1,2,0
279,2,3,5,1
271,2,4,0,0
275,0,1,0,0
184,2,1,1,0
955,8,16,10,1
196,1,1,2,0
948,8,2,8,1
31,0,2,5,0
805,10,3,1,1
222,3,26,9,1
102,1,1,1,0
675,9,26,2,1
546,10,10,3,1
602,10,16,6,1
205,1,8,0,0
199,10,15,4,1
65,2,2,2,0
139,5,11,5,1
378,2,2,1,0
704,5,30,2,1
162,1,1,3,0
127,2,0,4,0
142,2,1,0,0
443,0,0,1,0
300,0,1,1,0
475,2,1,1,0
398,2,3,4,0
252,2,1,1,0
191,2,1,4,1
794,2,6,9,1
495,10,30,10,1
403,3,4,4,1
225,2,1,2,0
161,8,26,9,1
214,2,3,0,0
188,0,0,1,0
60,6,7,8,1
904,3,5,2,1
114,1,20,3,1
335,2,1,1,0
257,0,2,2,0
283,4,2,2,0
220,1,0,0,0
168,2,1,4,0
431,6,20,10,1
694,7,25,10,1
47,2,0,2,0
109,2,5,2,1
69,7,27,6,1
176,4,5,5,1
617,2,14,6,1
60,0,2,1,0
209,3,0,0,0
75,0,0,2,0
283,0,2,2,0
558,3,5,0,1
401,0,3,2,0
118,7,24,7,1
468,7,20,0,1
269,3,0,1,0
121,3,3,5,1
418,1,21,6,1
292,2,2,2,0
671,6,18,0,1
331,2,1,1,0
126,4,3,1,0
958,8,11,2,1
891,3,18,4,1
189,0,2,0,0
177,0,0,0,0
860,6,26,8,1
159,5,0,2,0
141,1,10,0,0
224,1,3,2,0
741,3,13,10,1
532,7,25,4,1
263,1,3,1,0
27,1,2,2,0
40,3,9,0,0
125,3,26,2,1
210,5,2,1,0
576,6,2,5,1
519,6,8,6,1
289,0,14,6,1
416,2,0,4,0
184,1,0,8,1
272,10,8,4,1
213,1,3,0,0
134,9,2,6,1
581,4,0,1,1
45,0,4,1,0
119,1,11,5,1
223,7,21,3,1
534,1,29,3,1
219,1,3,1,0
167,2,0,1,0
249,7,10,9,1
408,0,24,8,1
274,2,0,2,0
482,2,0,2,0
183,6,22,6,1
313,1,2,1,0
187,0,2,0,0
635,2,9,6,1
50,9,7,5,1
355,1,15,5,1
116,1,3,0,0
151,1,0,6,0
616,2,13,6,1
196,4,2,3,0
116,1,11,0,1
849,2,8,1,1
49,0,8,1,0
157,2,0,2,0
900,7,17,5,1
750,6,21,2,1
254,1,2,2,0
170,8,23,4,1
145,0,16,3,1
283,2,3,5,0
770,9,0,7,1
160,1,1,2,0
127,1,1,1,0
174,0,2,1,0
819,8,14,7,1
174,1,4,2,0
601,8,5,9,1
359,2,1,0,0
165,1,1,2,0
118,2,3,0,0
243,1,3,2,0
859,8,15,0,1
743,3,4,1,1
231,1,2,6,0
274,2,0,1,0
523,2,12,4,1
599,2,18,9,1
409,0,3,3,0
160,5,16,5,1
638,5,29,8,1
108,1,4,0,0
125,2,12,3,1
97,2,2,2,0
148,0,0,2,0
204,1,8,2,0
390,7,26,5,1
188,2,24,8,1
302,2,2,2,0
535,3,11,3,1
212,1,3,1,0
243,8,30,7,1
60,1,2,2,0
962,2,19,8,1
283,0,0,1,0
963,5,24,1,1
434,4,8,7,1
885,3,14,5,1
50,0,1,2,0
288,3,1,1,0
221,0,2,1,0
82,2,2,1,0
828,8,12,4,1
174,2,2,2,0
177,10,11,7,1
282,1,1,0,0
292,1,2,1,0
874,6,25,4,1
300,2,1,4,0
493,9,6,9,1
959,5,21,5,1
891,9,28,0,1
298,2,1,6,0
560,3,23,9,1
181,0,4,1,0
731,4,12,10,1
193,2,0,0,0
209,1,2,2,0
148,3,5,1,0
577,9,11,8,1
277,0,1,1,0
167,0,2,0,0
977,3,5,6,1
255,2,3,2,0
733,3,0,5,1
67,8,23,7,1
780,9,7,3,1
956,9,10,10,1
505,4,25,6,1
139,2,10,0,0
247,1,3,0,0
648,7,21,4,1
175,0,0,1,0
688,8,6,1,1
588,3,11,6,1
279,0,3,1,0
377,2,0,2,0
31,1,0,0,0
549,3,22,5,1
269,0,1,2,0
273,1,0,2,0
246,4,1,0,0
153,5,0,0,0
758,3,28,4,1
97,0,3,0,0
118,1,3,0,0
80,1,3,2,0
855,7,22,4,1
213,0,0,2,0
212,9,26,7,1
203,0,7,2,0
274,2,2,2,0
92,0,4,5,1
379,0,1,0,0
66,0,1,2,0
240,1,1,1,0
151,1,3,2,0
485,1,0,2,0
113,3,3,1,0
297,0,1,2,0
92,3,17,5,1
118,2,6,8,1
63,2,5,2,0
665,7,29,10,1
455,1,3,0,0
944,3,23,7,1
239,0,1,2,0
732,10,18,8,1
454,3,7,2,1
274,4,0,2,0
414,3,26,10,1
432,9,29,10,1
261,0,0,4,0
343,0,2,1,0
430,8,16,3,1
141,1,2,1,0
141,10,29,5,1
76,1,15,4,1
857,7,6,9,1
245,4,8,1,0
187,4,9,5,1
573,2,27,5,1
230,2,3,1,0
231,1,3,6,0
82,5,30,8,1
412,9,22,10,1
121,8,10,8,1
92,6,11,10,1
143,4,5,4,1
245,2,2,2,0
488,8,20,1,1
153,0,3,2,0
213,0,4,0,0
25,4,0,5,0
406,0,1,0,0
823,5,9,9,1
473,4,12,9,1
331,0,3,2,0
25,5,2,1,0
187,4,18,3,1
63,6,9,8,1
352,0,3,0,0
525,3,20,1,1
728,6,5,9,1
832,6,25,1,1
303,2,12,9,1
158,9,25,9,1
133,4,23,3,1
58,0,2,2,0
884,4,5,8,1
120,0,17,6,1
104,3,3,8,1
803,0,16,5,1
491,3,3,1,0
159,6,19,7,1
198,1,3,0,0
166,0,9,0,0
247,1,2,2,0
435,9,6,5,1
189,0,2,6,0
957,3,19,8,1
178,1,2,2,0
205,0,1,2,0
843,10,3,5,1
217,2,30,7,1
198,9,6,10,1
233,3,26,5,1
273,2,3,1,0
926,3,22,5,1
155,9,30,1,1
45,1,1,1,0
90,2,21,6,1
261,1,3,0,0
649,9,5,9,1
123,9,2,3,1
29,0,2,0,0
297,5,6,2,1
877,9,20,5,1
125,2,0,2,0
719,9,2,8,1
350,6,1,7,1
166,2,5,4,1
220,5,3,1,0
268,2,1,1,0
299,8,0,10,1
405,9,1,4,1
82,0,2,1,0
662,5,6,7,1
139,0,3,1,0
412,6,6,4,1
496,4,4,0,1
298,0,1,1,0
177,2,3,0,0
771,0,12,8,1
591,9,7,4,1
524,2,11,4,1
72,7,7,1,1
218,3,12,10,1
173,1,7,2,1
127,2,5,2,0
129,1,1,2,0
160,9,20,0,1
241,5,26,3,1
781,10,3,0,1
154,9,25,10,1
438,8,26,8,1
156,0,0,2,0
124,9,7,5,1
652,8,3,6,1
115,1,2,0,0
260,2,10,2,0
